Description,V,$X_D$ $[N]$,$Y_D$ $[Nm]$,$N_D$ $[Nm]$
zigzag20/20,0.9617697638981232,1.0616096391854428,1.4325767982418642,2.4978561635173167
zigzag20/20,0.9617697638981232,1.1233920005696139,1.5216717598753862,2.527094112050798
zigzag10/10,0.9617697638981232,1.3900337748259681,1.4558631699925313,1.7834316352121977
zigzag10/10,0.9617697638981232,1.377763262842636,1.1935259529620137,1.8987706417106005
