Parameter,Values
$C_{D tune}$,1.0807788910260494
$C_{D0 tune}$,7.820651568531009
$C_{L tune}$,1.0
$\Omega$,0.0
$\delta_{lim}$,0.2617993877991494
$\gamma_{0 port}$,0.044
$\gamma_{0 stbd}$,-0.044
$\kappa_{r \gamma g}$,1.033860288924733
$\kappa_{r}$,1.1692699494533285
$\kappa_{v \gamma g}$,0.033913057303963226
$\kappa_{v}$,0.8893921387071696
$\nu$,1.18849e-06
$a_{H}$,0.12824552804749745
$e_{0}$,0.9
$s$,-10.0
$x_{H}$,0.12495489987343933
