Coefficient,Reference,PISM,Mathematical
${X'}_{0}$,-0.001024909003837171,-0.001024909003837171,-0.001024909003837171
${X'}_{u}$,0.0003364305745107415,0.0003364305745107415,0.0003364305745107415
${X'}_{vv}$,-0.0004832481861711293,-0.0038302638528617504,0.004787961229931735
${X'}_{rr}$,-0.0003029073034329989,0.0009939864110527687,0.012427031655809705
${X'}_{vr}$,0.002450866516718704,0.0030338652418442223,0.019839456744914254
${Y'}_{v}$,-0.007978301798587138,-0.008948277404874055,-0.020782850744548897
${N'}_{v}$,-0.0032090644886819926,-0.00278118640121941,-0.0009825127312437793
${N'}_{r}$,-0.001552151089950835,-0.001533517555183442,-0.0032459668007503604
