Description,V,$X_D$ $[N]$,$Y_D$ $[Nm]$,$N_D$ $[Nm]$
zigzag20/20,0.9617697638981232,1.0621051740021143,1.4847119747310786,2.486623065193751
zigzag20/20,0.9617697638981232,1.1231229946986108,1.5331495913457422,2.5681394565453486
zigzag10/10,0.9617697638981232,0.8780010662665229,1.1139151270990542,1.7493740558575654
zigzag10/10,0.9617697638981232,1.3774311161955515,1.1793533475017908,1.9259328236989162
