Description,V,$X_D$ $[N]$,$Y_D$ $[Nm]$,$N_D$ $[Nm]$
zigzag20/20,0.9617697638981232,0.9894452175926765,2.8616119144544414,2.862007175645942
zigzag20/20,0.9617697638981232,1.0136622335295717,2.5245934466541478,2.9569200769710453
zigzag10/10,0.9617697638981232,0.8526526856695301,1.6815295694050598,1.717639169282914
zigzag10/10,0.9617697638981232,1.367992178893617,1.716987380397864,1.786112691523799
