Coefficient,Reference,PI,PU
${X'}_{0}$,-0.0010227240505646944,-0.0010227240505646944,-0.0010227240505646944
${X'}_{u}$,0.00033534183550392414,0.00033534183550392414,0.00033534183550392414
${X'}_{vv}$,-0.0004832481861711293,-0.005464290162984897,0.015722442899503055
${X'}_{rr}$,-0.0003029073034329989,0.0018670012773582439,0.020848902359160367
${X'}_{vr}$,0.0025531072666886852,0.004087094643582478,0.036856119783720546
${Y'}_{v}$,-0.00798438359833676,-0.008874951339383635,-0.020438507145545546
${N'}_{v}$,-0.0032061693047463887,-0.002769216076534982,-0.0004024666499676255
${N'}_{r}$,-0.001551446791630635,-0.00154566043745471,-0.00284875475356073
