,$X_{\dot{u}}$,$Y_{\dot{v}}$,$Y_{\dot{r}}$,$N_{\dot{v}}$,$N_{\dot{r}}$
Value,0.00017880704448812042,-0.006109387408263365,-0.00030313777458141895,-0.00012825440172375716,-0.0001566124359115707
