Description,V,$X_D$ $[N]$,$Y_D$ $[Nm]$,$N_D$ $[Nm]$
zigzag20/20,0.9617697638981232,1.103561247427642,1.6526530568905866,3.658280442542031
zigzag20/20,0.9617697638981232,1.1721118960304135,2.18000992073728,3.8902807231489533
zigzag10/10,0.9617697638981232,1.39082960825081,2.084051273116647,1.9347088162663233
zigzag10/10,0.9617697638981232,1.378284703410379,1.7084622629644763,1.8582860348321981
