,Xvv,Xvv,Xvv,Yv,Yv,Yv,Nv,Nv,Nv,Xrr,Xrr,Xrr,Nr,Nr,Nr,Xvr,Xvr,Xvr
SNR,0.1,1.0,10.0,0.1,1.0,10.0,0.1,1.0,10.0,0.1,1.0,10.0,0.1,1.0,10.0,0.1,1.0,10.0
model,,,,,,,,,,,,,,,,,,
PI,0.0002390324360125604,0.00010131749356410437,0.00016872517756417592,-0.008825598909426148,-0.008846187170944642,-0.0090375020548767,-0.0028236600503277584,-0.002831592779270525,-0.0028129304617889846,-4.965194606160312e-05,-3.0481011297480545e-05,-0.00015214355430965415,-0.0015725310212505428,-0.0015781485486690084,-0.0015756901042874405,0.003140523360744973,0.0031283277311887473,0.003049143440618368
PU,-0.014516720731174116,-0.014811778619845416,-0.014709762506262734,-0.020345053834867097,-0.020320484352033267,-0.020667136611640897,0.00039694363339684737,0.00018044074117330418,-0.00012186987555458926,-0.002004838128315686,-0.002183016257736412,-0.0023030453070683227,-0.0019638382180513646,-0.002208011573022359,-0.0025668038338420725,-0.009647906627784263,-0.010018223417720937,-0.01008403674231786
